train_loss,train_accuracy,epoch,step
0.6930502653121948,0.513671875,0,49
